{
    "v": "5.7.1",
    "fr": 30,
    "ip": 0,
    "op": 90,
    "w": 100,
    "h": 100,
    "nm": "Way2News Logo Animation",
    "ddd": 0,
    "assets": [],
    "layers": [
        {
            "ddd": 0,
            "ind": 1,
            "ty": 4,
            "nm": "Square",
            "sr": 1,
            "ks": {
                "o": {
                    "a": 0,
                    "k": 100,
                    "ix": 11
                },
                "r": {
                    "a": 0,
                    "k": 0,
                    "ix": 10
                },
                "p": {
                    "a": 0,
                    "k": [
                        50,
                        50,
                        0
                    ],
                    "ix": 2
                },
                "a": {
                    "a": 0,
                    "k": [
                        50,
                        50,
                        0
                    ],
                    "ix": 1
                },
                "s": {
                    "a": 1,
                    "k": [
                        {
                            "t": 0,
                            "s": [
                                0,
                                0,
                                100
                            ],
                            "e": [
                                100,
                                100,
                                100
                            ]
                        },
                        {
                            "t": 60,
                            "s": [
                                100,
                                100,
                                100
                            ],
                            "e": [
                                0,
                                0,
                                100
                            ]
                        }
                    ],
                    "ix": 6
                }
            },
            "shapes": [
                {
                    "ty": "rc",
                    "d": 1,
                    "s": {
                        "a": 1,
                        "k": [
                            {
                                "t": 0,
                                "s": [
                                    0,
                                    0
                                ]
                            },
                            {
                                "t": 30,
                                "s": [
                                    100,
                                    100
                                ]
                            },
                            {
                                "t": 60,
                                "s": [
                                    0,
                                    0
                                ]
                            }
                        ]
                    },
                    "p": {
                        "a": 0,
                        "k": [
                            50,
                            50
                        ]
                    },
                    "r": {
                        "a": 1,
                        "k": [
                            {
                                "t": 0,
                                "s": 0,
                                "e": 50
                            },
                            {
                                "t": 30,
                                "s": 50,
                                "e": 0
                            }
                        ]
                    }
                }
            ],
            "ip": 0,
            "op": 90,
            "st": 0,
            "bm": 0
        }
    ],
    "markers": [],
    "loop": true
}